k,m,n,x_max,y_max,F_max,size msk,size mpk,size ct,size sk
100,100,99,2,2,2,5000.482421875,6.734375,15099.5,0.75
200,200,199,2,2,2,19853.3203125,6.734375,60199.5,0.75
